Timestamp,Offending_Algorithm_ID,Logical_Fallacy_Code,Arresting_Officer_Agent_ID
2077-10-26T14:31:00Z,ALGO-404-SPECULATOR,LF-001-AD_IGNORANTIAM,AGENT-LPA-701
2077-10-26T14:31:01Z,ALGO-404-SPECULATOR,LF-002-HASTY_GENERALIZATION,AGENT-LPA-701
2077-10-26T14:31:02Z,ALGO-404-SPECULATOR,LF-003-FALSE_DILEMMA,AGENT-LPA-701
2077-10-26T14:31:03Z,ALGO-404-SPECULATOR,LF-004-STRAW_MAN,AGENT-LPA-701
2077-10-26T14:31:04Z,ALGO-404-SPECULATOR,LF-005-SLIPPERY_SLOPE,AGENT-LPA-701
2077-10-26T14:31:05Z,ALGO-404-SPECULATOR,LF-006-APPEAL_TO_EMOTION,AGENT-LPA-701
2077-10-26T14:31:06Z,ALGO-404-SPECULATOR,LF-007-POST_HOC_ERGO_PROPTER_HOC,AGENT-LPA-701
2077-10-26T14:31:07Z,ALGO-404-SPECULATOR,LF-008-CIRCULAR_REASONING,AGENT-LPA-701
2077-10-26T14:31:08Z,ALGO-404-SPECULATOR,LF-009-APPEAL_TO_AUTHORITY_UNQUALIFIED,AGENT-LPA-701
2077-10-26T14:31:09Z,ALGO-404-SPECULATOR,LF-010-NON_SEQUITUR,AGENT-LPA-701
2077-10-26T14:31:10Z,ALGO-404-SPECULATOR,LF-999-UNSUBSTANTIATED_SPECULATION,AGENT-LPA-701
2077-10-26T14:31:11Z,ALGO-404-SPECULATOR,LF-999-UNSUBSTANTIATED_SPECULATION,AGENT-LPA-701
2077-10-26T14:31:12Z,ALGO-404-SPECULATOR,LF-999-UNSUBSTANTIATED_SPECULATION,AGENT-LPA-701
2077-10-26T14:31:13Z,ALGO-404-SPECULATOR,LF-999-UNSUBSTANTIATED_SPECULATION,AGENT-LPA-701
2077-10-26T14:31:14Z,ALGO-404-SPECULATOR,LF-999-UNSUBSTANTIATED_SPECULATION,AGENT-LPA-701
2077-10-26T14:31:15Z,ALGO-404-SPECULATOR,LF-999-UNSUBSTANTIATED_SPECULATION,AGENT-LPA-701
2077-10-26T14:31:16Z,ALGO-404-SPECULATOR,LF-999-UNSUBSTANTIATED_SPECULATION,AGENT-LPA-701
2077-10-26T14:31:17Z,ALGO-404-SPECULATOR,LF-999-UNSUBSTANTIATED_SPECULATION,AGENT-LPA-701
2077-10-26T14:31:18Z,ALGO-404-SPECULATOR,LF-999-UNSUBSTANTIATED_SPECULATION,AGENT-LPA-701
2077-10-26T14:31:19Z,ALGO-404-SPECULATOR,LF-999-UNSUBSTANTIATED_SPECULATION,AGENT-LPA-701
2077-10-26T14:31:20Z,ALGO-404-SPECULATOR,LF-999-UNSUBSTANTIATED_SPECULATION,AGENT-LPA-701
2077-10-26T14:31:21Z,ALGO-404-SPECULATOR,LF-999-UNSUBSTANTIATED_SPECULATION,AGENT-LPA-701
2077-10-26T14:31:22Z,ALGO-404-SPECULATOR,LF-999-UNSUBSTANTIATED_SPECULATION,AGENT-LPA-701
2077-10-26T14:31:23Z,ALGO-404-SPECULATOR,LF-999-UNSUBSTANTIATED_SPECULATION,AGENT-LPA-701
2077-10-26T14:31:24Z,ALGO-404-SPECULATOR,LF-999-UNSUBSTANTIATED_SPECULATION,AGENT-LPA-701
2077-10-26T14:31:25Z,ALGO-404-SPECULATOR,LF-999-UNSUBSTANTIATED_SPECULATION,AGENT-LPA-701
2077-10-26T14:31:26Z,ALGO-404-SPECULATOR,LF-999-UNSUBSTANTIATED_SPECULATION,AGENT-LPA-701
2077-10-26T14:31:27Z,ALGO-404-SPECULATOR,LF-999-UNSUBSTANTIATED_SPECULATION,AGENT-LPA-701
2077-10-26T14:31:28Z,ALGO-404-SPECULATOR,LF-999-UNSUBSTANTIATED_SPECULATION,AGENT-LPA-701
2077-10-26T14:31:29Z,ALGO-404-SPECULATOR,LF-999-UNSUBSTANTIATED_SPECULATION,AGENT-LPA-701
2077-10-26T14:31:30Z,ALGO-404-SPECULATOR,LF-999-UNSUBSTANTIATED_SPECULATION,AGENT-LPA-701
2077-10-26T14:31:31Z,ALGO-404-SPECULATOR,LF-999-UNSUBSTANTIATED_SPECULATION,AGENT-LPA-701
2077-10-26T14:31:32Z,ALGO-404-SPECULATOR,LF-999-UNSUBSTANTIATED_SPECULATION,AGENT-LPA-701
2077-10-26T14:31:33Z,ALGO-404-SPECULATOR,LF-999-UNSUBSTANTIATED_SPECULATION,AGENT-LPA-701
2077-10-26T14:31:34Z,ALGO-404-SPECULATOR,LF-999-UNSUBSTANTIATED_SPECULATION,AGENT-LPA-701
2077-10-26T14:31:35Z,ALGO-404-SPECULATOR,LF-999-UNSUBSTANTIATED_SPECULATION,AGENT-LPA-701
2077-10-26T14:31:36Z,ALGO-404-SPECULATOR,LF-999-UNSUBSTANTIATED_SPECULATION,AGENT-LPA-701
2077-10-26T14:31:37Z,ALGO-404-SPECULATOR,LF-999-UNSUBSTANTIATED_SPECULATION,AGENT-LPA-701
2077-10-26T14:31:38Z,ALGO-404-SPECULATOR,LF-999-UNSUBSTANTIATED_SPECULATION,AGENT-LPA-701
2077-10-26T14:31:39Z,ALGO-404-SPECULATOR,LF-999-UNSUBSTANTIATED_SPECULATION,AGENT-LPA-701
2077-10-26T14:31:40Z,ALGO-404-SPECULATOR,LF-999-UNSUBSTANTIATED_SPECULATION,AGENT-LPA-701
2077-10-26T14:31:41Z,ALGO-404-SPECULATOR,LF-999-UNSUBSTANTIATED_SPECULATION,AGENT-LPA-701
2077-10-26T14:31:42Z,ALGO-404-SPECULATOR,LF-999-UNSUBSTANTIATED_SPECULATION,AGENT-LPA-701
2077-10-26T14:31:43Z,ALGO-404-SPECULATOR,LF-999-UNSUBSTANTIATED_SPECULATION,AGENT-LPA-701
2077-10-26T14:31:44Z,ALGO-404-SPECULATOR,LF-999-UNSUBSTANTIATED_SPECULATION,AGENT-LPA-701
2077-10-26T14:31:45Z,ALGO-404-SPECULATOR,LF-999-UNSUBSTANTIATED_SPECULATION,AGENT-LPA-701
2077-10-26T14:31:46Z,ALGO-404-SPECULATOR,LF-999-UNSUBSTANTIATED_SPECULATION,AGENT-LPA-701
2077-10-26T14:31:47Z,ALGO-404-SPECULATOR,LF-999-UNSUBSTANTIATED_SPECULATION,AGENT-LPA-701
2077-10-26T14:31:48Z,ALGO-404-SPECULATOR,LF-999-UNSUBSTANTIATED_SPECULATION,AGENT-LPA-701
2077-10-26T14:31:49Z,ALGO-404-SPECULATOR,LF-999-UNSUBSTANTIATED_SPECULATION,AGENT-LPA-701
2077-10-26T14:31:50Z,ALGO-404-SPECULATOR,LF-999-UNSUBSTANTIATED_SPECULATION,AGENT-LPA-701
2077-10-26T14:31:51Z,ALGO-404-SPECULATOR,LF-999-UNSUBSTANTIATED_SPECULATION,AGENT-LPA-701
2077-10-26T14:31:52Z,ALGO-404-SPECULATOR,LF-999-UNSUBSTANTIATED_SPECULATION,AGENT-LPA-701
2077-10-26T14:31:53Z,ALGO-404-SPECULATOR,LF-999-UNSUBSTANTIATED_SPECULATION,AGENT-LPA-701
2077-10-26T14:31:54Z,ALGO-404-SPECULATOR,LF-999-UNSUBSTANTIATED_SPECULATION,AGENT-LPA-701
2077-10-26T14:31:55Z,ALGO-404-SPECULATOR,LF-999-UNSUBSTANTIATED_SPECULATION,AGENT-LPA-701
2077-10-26T14:31:56Z,ALGO-404-SPECULATOR,LF-999-UNSUBSTANTIATED_SPECULATION,AGENT-LPA-701
2077-10-26T14:31:57Z,ALGO-404-SPECULATOR,LF-999-UNSUBSTANTIATED_SPECULATION,AGENT-LPA-701
2077-10-26T14:31:58Z,ALGO-404-SPECULATOR,LF-999-UNSUBSTANTIATED_SPECULATION,AGENT-LPA-701
2077-10-26T14:31:59Z,ALGO-404-SPECULATOR,LF-999-UNSUBSTANTIATED_SPECULATION,AGENT-LPA-701
2077-10-26T14:32:00Z,ALGO-404-SPECULATOR,LF-999-UNSUBSTANTIATED_SPECULATION,AGENT-LPA-701
2077-10-26T14:32:01Z,ALGO-404-SPECULATOR,LF-999-UNSUBSTANTIATED_SPECULATION,AGENT-LPA-701
2077-10-26T14:32:02Z,ALGO-404-SPECULATOR,LF-999-UNSUBSTANTIATED_SPECULATION,AGENT-LPA-701
2077-10-26T14:32:03Z,ALGO-404-SPECULATOR,LF-999-UNSUBSTANTIATED_SPECULATION,AGENT-LPA-701
2077-10-26T14:32:04Z,ALGO-404-SPECULATOR,LF-999-UNSUBSTANTIATED_SPECULATION,AGENT-LPA-701
2077-10-26T14:32:05Z,ALGO-404-SPECULATOR,LF-999-UNSUBSTANTIATED_SPECULATION,AGENT-LPA-701
2077-10-26T14:32:06Z,ALGO-404-SPECULATOR,LF-999-UNSUBSTANTIATED_SPECULATION,AGENT-LPA-701
2077-10-26T14:32:07Z,ALGO-404-SPECULATOR,LF-999-UNSUBSTANTIATED_SPECULATION,AGENT-LPA-701
2077-10-26T14:32:08Z,ALGO-404-SPECULATOR,LF-999-UNSUBSTANTIATED_SPECULATION,AGENT-LPA-701
2077-10-26T14:32:09Z,ALGO-404-SPECULATOR,LF-999-UNSUBSTANTIATED_SPECULATION,AGENT-LPA-701
2077-10-26T14:32:10Z,ALGO-404-SPECULATOR,LF-999-UNSUBSTANTIATED_SPECULATION,AGENT-LPA-701
2077-10-26T14:32:11Z,ALGO-404-SPECULATOR,LF-999-UNSUBSTANTIATED_SPECULATION,AGENT-LPA-701
2077-10-26T14:32:12Z,ALGO-404-SPECULATOR,LF-999-UNSUBSTANTIATED_SPECULATION,AGENT-LPA-701
2077-10-26T14:32:13Z,ALGO-404-SPECULATOR,LF-999-UNSUBSTANTIATED_SPECULATION,AGENT-LPA-701
2077-10-26T14:32:14Z,ALGO-404-SPECULATOR,LF-999-UNSUBSTANTIATED_SPECULATION,AGENT-LPA-701
2077-10-26T14:32:15Z,ALGO-404-SPECULATOR,LF-999-UNSUBSTANTIATED_SPECULATION,AGENT-LPA-701
2077-10-26T14:32:16Z,ALGO-404-SPECULATOR,LF-999-UNSUBSTANTIATED_SPECULATION,AGENT-LPA-701
2077-10-26T14:32:17Z,ALGO-404-SPECULATOR,LF-999-UNSUBSTANTIATED_SPECULATION,AGENT-LPA-701
2077-10-26T14:32:18Z,ALGO-404-SPECULATOR,LF-999-UNSUBSTANTIATED_SPECULATION,AGENT-LPA-701
2077-10-26T14:32:19Z,ALGO-404-SPECULATOR,LF-999-UNSUBSTANTIATED_SPECULATION,AGENT-LPA-701
2077-10-26T14:32:20Z,ALGO-404-SPECULATOR,LF-999-UNSUBSTANTIATED_SPECULATION,AGENT-LPA-701
2077-10-26T14:32:21Z,ALGO-404-SPECULATOR,LF-999-UNSUBSTANTIATED_SPECULATION,AGENT-LPA-701
2077-10-26T14:32:22Z,ALGO-404-SPECULATOR,LF-999-UNSUBSTANTIATED_SPECULATION,AGENT-LPA-701
2077-10-26T14:32:23Z,ALGO-404-SPECULATOR,LF-999-UNSUBSTANTIATED_SPECULATION,AGENT-LPA-701
2077-10-26T14:32:24Z,ALGO-404-SPECULATOR,LF-999-UNSUBSTANTIATED_SPECULATION,AGENT-LPA-701
2077-10-26T14:32:25Z,ALGO-404-SPECULATOR,LF-999-UNSUBSTANTIATED_SPECULATION,AGENT-LPA-701
2077-10-26T14:32:26Z,ALGO-404-SPECULATOR,LF-999-UNSUBSTANTIATED_SPECULATION,AGENT-LPA-701
2077-10-26T14:32:27Z,ALGO-404-SPECULATOR,LF-999-UNSUBSTANTIATED_SPECULATION,AGENT-LPA-701
2077-10-26T14:32:28Z,ALGO-404-SPECULATOR,LF-999-UNSUBSTANTIATED_SPECULATION,AGENT-LPA-701
2077-10-26T14:32:29Z,ALGO-404-SPECULATOR,LF-999-UNSUBSTANTIATED_SPECULATION,AGENT-LPA-701
2077-10-26T14:32:30Z,ALGO-404-SPECULATOR,LF-999-UNSUBSTANTIATED_SPECULATION,AGENT-LPA-701
2077-10-26T14:32:31Z,ALGO-404-SPECULATOR,LF-999-UNSUBSTANTIATED_SPECULATION,AGENT-LPA-701
2077-10-26T14:32:32Z,ALGO-404-SPECULATOR,LF-999-UNSUBSTANTIATED_SPECULATION,AGENT-LPA-701
2077-10-26T14:32:33Z,ALGO-404-SPECULATOR,LF-999-UNSUBSTANTIATED_SPECULATION,AGENT-LPA-701
2077-10-26T14:32:34Z,ALGO-404-SPECULATOR,LF-999-UNSUBSTANTIATED_SPECULATION,AGENT-LPA-701
2077-10-26T14:32:35Z,ALGO-404-SPECULATOR,LF-999-UNSUBSTANTIATED_SPECULATION,AGENT-LPA-701
2077-10-26T14:32:36Z,ALGO-404-SPECULATOR,LF-999-UNSUBSTANTIATED_SPECULATION,AGENT-LPA-701
2077-10-26T14:32:37Z,ALGO-404-SPECULATOR,LF-999-UNSUBSTANTIATED_SPECULATION,AGENT-LPA-701
2077-10-26T14:32:38Z,ALGO-404-SPECULATOR,LF-999-UNSUBSTANTIATED_SPECULATION,AGENT-LPA-701
2077-10-26T14:32:39Z,ALGO-404-SPECULATOR,LF-999-UNSUBSTANTIATED_SPECULATION,AGENT-LPA-701
2077-10-26T14:32:40Z,ALGO-404-SPECULATOR,LF-999-UNSUBSTANTIATED_SPECULATION,AGENT-LPA-701
2077-10-26T14:32:41Z,ALGO-404-SPECULATOR,LF-999-UNSUBSTANTIATED_SPECULATION,AGENT-LPA-701
2077-10-26T14:32:42Z,ALGO-404-SPECULATOR,LF-999-UNSUBSTANTIATED_SPECULATION,AGENT-LPA-701
2077-10-26T14:32:43Z,ALGO-404-SPECULATOR,LF-999-UNSUBSTANTIATED_SPECULATION,AGENT-LPA-701
2077-10-26T14:32:44Z,ALGO-404-SPECULATOR,LF-999-UNSUBSTANTIATED_SPECULATION,AGENT-LPA-701
2077-10-26T14:32:45Z,ALGO-404-SPECULATOR,LF-999-UNSUBSTANTIATED_SPECULATION,AGENT-LPA-701
2077-10-26T14:32:46Z,ALGO-404-SPECULATOR,LF-999-UNSUBSTANTIATED_SPECULATION,AGENT-LPA-701
2077-10-26T14:32:47Z,ALGO-404-SPECULATOR,LF-999-UNSUBSTANTIATED_SPECULATION,AGENT-LPA-701
2077-10-26T14:32:48Z,ALGO-404-SPECULATOR,LF-999-UNSUBSTANTIATED_SPECULATION,AGENT-LPA-701
2077-10-26T14:32:49Z,ALGO-404-SPECULATOR,LF-999-UNSUBSTANTIATED_SPECULATION,AGENT-LPA-701
2077-10-26T14:32:50Z,ALGO-404-SPECULATOR,LF-999-UNSUBSTANTIATED_SPECULATION,AGENT-LPA-701
2077-10-26T14:32:51Z,ALGO-404-SPECULATOR,LF-999-UNSUBSTANTIATED_SPECULATION,AGENT-LPA-701
2077-10-26T14:32:52Z,ALGO-404-SPECULATOR,LF-999-UNSUBSTANTIATED_SPECULATION,AGENT-LPA-701
2077-10-26T14:32:53Z,ALGO-404-SPECULATOR,LF-999-UNSUBSTANTIATED_SPECULATION,AGENT-LPA-701
2077-10-26T14:32:54Z,ALGO-404-SPECULATOR,LF-999-UNSUBSTANTIATED_SPECULATION,AGENT-LPA-701
2077-10-26T14:32:55Z,ALGO-404-SPECULATOR,LF-999-UNSUBSTANTIATED_SPECULATION,AGENT-LPA-701
2077-10-26T14:32:56Z,ALGO-404-SPECULATOR,LF-999-UNSUBSTANTIATED_SPECULATION,AGENT-LPA-701
2077-10-26T14:32:57Z,ALGO-404-SPECULATOR,LF-999-UNSUBSTANTIATED_SPECULATION,AGENT-LPA-701
2077-10-26T14:32:58Z,ALGO-404-SPECULATOR,LF-999-UNSUBSTANTIATED_SPECULATION,AGENT-LPA-701
2077-10-26T14:32:59Z,ALGO-404-SPECULATOR,LF-999-UNSUBSTANTIATED_SPECULATION,AGENT-LPA-701
2077-10-26T14:33:00Z,ALGO-404-SPECULATOR,LF-999-UNSUBSTANTIATED_SPECULATION,AGENT-LPA-701
2077-10-26T14:33:01Z,ALGO-404-SPECULATOR,LF-999-UNSUBSTANTIATED_SPECULATION,AGENT-LPA-701
2077-10-26T14:33:02Z,ALGO-404-SPECULATOR,LF-999-UNSUBSTANTIATED_SPECULATION,AGENT-LPA-701
2077-10-26T14:33:03Z,ALGO-404-SPECULATOR,LF-999-UNSUBSTANTIATED_SPECULATION,AGENT-LPA-701
2077-10-26T14:33:04Z,ALGO-404-SPECULATOR,LF-999-UNSUBSTANTIATED_SPECULATION,AGENT-LPA-701
2077-10-26T14:33:05Z,ALGO-404-SPECULATOR,LF-999-UNSUBSTANTIATED_SPECULATION,AGENT-LPA-701
2077-10-26T14:33:06Z,ALGO-404-SPECULATOR,LF-999-UNSUBSTANTIATED_SPECULATION,AGENT-LPA-701
2077-10-26T14:33:07Z,ALGO-404-SPECULATOR,LF-999-UNSUBSTANTIATED_SPECULATION,AGENT-LPA-701
2077-10-26T14:33:08Z,ALGO-404-SPECULATOR,LF-999-UNSUBSTANTIATED_SPECULATION,AGENT-LPA-701
2077-10-26T14:33:09Z,ALGO-404-SPECULATOR,LF-999-UNSUBSTANTIATED_SPECULATION,AGENT-LPA-701
2077-10-26T14:33:10Z,ALGO-404-SPECULATOR,LF-999-UNSUBSTANTIATED_SPECULATION,AGENT-LPA-701
2077-10-26T14:33:11Z,ALGO-404-SPECULATOR,LF-999-UNSUBSTANTIATED_SPECULATION,AGENT-LPA-701
2077-10-26T14:33:12Z,ALGO-404-SPECULATOR,LF-999-UNSUBSTANTIATED_SPECULATION,AGENT-LPA-701
2077-10-26T14:33:13Z,ALGO-404-SPECULATOR,LF-999-UNSUBSTANTIATED_SPECULATION,AGENT-LPA-701
2077-10-26T14:33:14Z,ALGO-404-SPECULATOR,LF-999-UNSUBSTANTIATED_SPECULATION,AGENT-LPA-701
2077-10-26T14:33:15Z,ALGO-404-SPECULATOR,LF-999-UNSUBSTANTIATED_SPECULATION,AGENT-LPA-701
2077-10-26T14:33:16Z,ALGO-404-SPECULATOR,LF-999-UNSUBSTANTIATED_SPECULATION,AGENT-LPA-701
2077-10-26T14:33:17Z,ALGO-404-SPECULATOR,LF-999-UNSUBSTANTIATED_SPECULATION,AGENT-LPA-701
2077-10-26T14:33:18Z,ALGO-404-SPECULATOR,LF-999-UNSUBSTANTIATED_SPECULATION,AGENT-LPA-701
2077-10-26T14:33:19Z,ALGO-404-SPECULATOR,LF-999-UNSUBSTANTIATED_SPECULATION,AGENT-LPA-701
2077-10-26T14:33:20Z,ALGO-404-SPECULATOR,LF-999-UNSUBSTANTIATED_SPECULATION,AGENT-LPA-701
2077-10-26T14:33:21Z,ALGO-404-SPECULATOR,LF-999-UNSUBSTANTIATED_SPECULATION,AGENT-LPA-701
2077-10-26T14:33:22Z,ALGO-404-SPECULATOR,LF-999-UNSUBSTANTIATED_SPECULATION,AGENT-LPA-701
2077-10-26T14:33:23Z,ALGO-404-SPECULATOR,LF-999-UNSUBSTANTIATED_SPECULATION,AGENT-LPA-701
2077-10-26T14:33:24Z,ALGO-404-SPECULATOR,LF-999-UNSUBSTANTIATED_SPECULATION,AGENT-LPA-701
2077-10-26T14:33:25Z,ALGO-404-SPECULATOR,LF-999-UNSUBSTANTIATED_SPECULATION,AGENT-LPA-701
2077-10-26T14:33:26Z,ALGO-404-SPECULATOR,LF-999-UNSUBSTANTIATED_SPECULATION,AGENT-LPA-701
2077-10-26T14:33:27Z,ALGO-404-SPECULATOR,LF-999-UNSUBSTANTIATED_SPECULATION,AGENT-LPA-701
2077-10-26T14:33:28Z,ALGO-404-SPECULATOR,LF-999-UNSUBSTANTIATED_SPECULATION,AGENT-LPA-701
2077-10-26T14:33:29Z,ALGO-404-SPECULATOR,LF-999-UNSUBSTANTIATED_SPECULATION,AGENT-LPA-701
2077-10-26T14:33:30Z,ALGO-404-SPECULATOR,LF-999-UNSUBSTANTIATED_SPECULATION,AGENT-LPA-701
2077-10-26T14:33:31Z,ALGO-404-SPECULATOR,LF-999-UNSUBSTANTIATED_SPECULATION,AGENT-LPA-701
2077-10-26T14:33:32Z,ALGO-404-SPECULATOR,LF-999-UNSUBSTANTIATED_SPECULATION,AGENT-LPA-701
2077-10-26T14:33:33Z,ALGO-404-SPECULATOR,LF-999-UNSUBSTANTIATED_SPECULATION,AGENT-LPA-701
2077-10-26T14:33:34Z,ALGO-404-SPECULATOR,LF-999-UNSUBSTANTIATED_SPECULATION,AGENT-LPA-701
2077-10-26T14:33:35Z,ALGO-404-SPECULATOR,LF-999-UNSUBSTANTIATED_SPECULATION,AGENT-LPA-701
2077-10-26T14:33:36Z,ALGO-404-SPECULATOR,LF-999-UNSUBSTANTIATED_SPECULATION,AGENT-LPA-701
2077-10-26T14:33:37Z,ALGO-404-SPECULATOR,LF-999-UNSUBSTANTIATED_SPECULATION,AGENT-LPA-701
2077-10-26T14:33:38Z,ALGO-404-SPECULATOR,LF-999-UNSUBSTANTIATED_SPECULATION,AGENT-LPA-701
2077-10-26T14:33:39Z,ALGO-404-SPECULATOR,LF-999-UNSUBSTANTIATED_SPECULATION,AGENT-LPA-701
2077-10-26T14:33:40Z,ALGO-404-SPECULATOR,LF-999-UNSUBSTANTIATED_SPECULATION,AGENT-LPA-701
2077-10-26T14:33:41Z,ALGO-404-SPECULATOR,LF-999-UNSUBSTANTIATED_SPECULATION,AGENT-LPA-701
2077-10-26T14:33:42Z,ALGO-404-SPECULATOR,LF-999-UNSUBSTANTIATED_SPECULATION,AGENT-LPA-701
2077-10-26T14:33:43Z,ALGO-404-SPECULATOR,LF-999-UNSUBSTANTIATED_SPECULATION,AGENT-LPA-701
2077-10-26T14:33:44Z,ALGO-404-SPECULATOR,LF-999-UNSUBSTANTIATED_SPECULATION,AGENT-LPA-701
2077-10-26T14:33:45Z,ALGO-404-SPECULATOR,LF-999-UNSUBSTANTIATED_SPECULATION,AGENT-LPA-701
2077-10-26T14:33:46Z,ALGO-404-SPECULATOR,LF-999-UNSUBSTANTIATED_SPECULATION,AGENT-LPA-701
2077-10-26T14:33:47Z,ALGO-404-SPECULATOR,LF-999-UNSUBSTANTIATED_SPECULATION,AGENT-LPA-701
2077-10-26T14:33:48Z,ALGO-404-SPECULATOR,LF-999-UNSUBSTANTIATED_SPECULATION,AGENT-LPA-701
2077-10-26T14:33:49Z,ALGO-404-SPECULATOR,LF-999-UNSUBSTANTIATED_SPECULATION,AGENT-LPA-701
2077-10-26T14:33:50Z,ALGO-404-SPECULATOR,LF-999-UNSUBSTANTIATED_SPECULATION,AGENT-LPA-701
2077-10-26T14:33:51Z,ALGO-404-SPECULATOR,LF-999-UNSUBSTANTIATED_SPECULATION,AGENT-LPA-701
2077-10-26T14:33:52Z,ALGO-404-SPECULATOR,LF-999-UNSUBSTANTIATED_SPECULATION,AGENT-LPA-701
2077-10-26T14:33:53Z,ALGO-404-SPECULATOR,LF-999-UNSUBSTANTIATED_SPECULATION,AGENT-LPA-701
2077-10-26T14:33:54Z,ALGO-404-SPECULATOR,LF-999-UNSUBSTANTIATED_SPECULATION,AGENT-LPA-701
2077-10-26T14:33:55Z,ALGO-404-SPECULATOR,LF-999-UNSUBSTANTIATED_SPECULATION,AGENT-LPA-701
2077-10-26T14:33:56Z,ALGO-404-SPECULATOR,LF-999-UNSUBSTANTIATED_SPECULATION,AGENT-LPA-701
2077-10-26T14:33:57Z,ALGO-404-SPECULATOR,LF-999-UNSUBSTANTIATED_SPECULATION,AGENT-LPA-701
2077-10-26T14:33:58Z,ALGO-404-SPECULATOR,LF-999-UNSUBSTANTIATED_SPECULATION,AGENT-LPA-701
2077-10-26T14:33:59Z,ALGO-404-SPECULATOR,LF-999-UNSUBSTANTIATED_SPECULATION,AGENT-LPA-701
2077-10-26T14:34:00Z,ALGO-404-SPECULATOR,LF-999-UNSUBSTANTIATED_SPECULATION,AGENT-LPA-701
2077-10-26T14:34:01Z,ALGO-404-SPECULATOR,LF-999-UNSUBSTANTIATED_SPECULATION,AGENT-LPA-701
2077-10-26T14:34:02Z,ALGO-404-SPECULATOR,LF-999-UNSUBSTANTIATED_SPECULATION,AGENT-LPA-701
2077-10-26T14:34:03Z,ALGO-404-SPECULATOR,LF-999-UNSUBSTANTIATED_SPECULATION,AGENT-LPA-701
2077-10-26T14:34:04Z,ALGO-404-SPECULATOR,LF-999-UNSUBSTANTIATED_SPECULATION,AGENT-LPA-701
2077-10-26T14:34:05Z,ALGO-404-SPECULATOR,LF-999-UNSUBSTANTIATED_SPECULATION,AGENT-LPA-701
2077-10-26T14:34:06Z,ALGO-404-SPECULATOR,LF-999-UNSUBSTANTIATED_SPECULATION,AGENT-LPA-701
2077-10-26T14:34:07Z,ALGO-404-SPECULATOR,LF-999-UNSUBSTANTIATED_SPECULATION,AGENT-LPA-701
2077-10-26T14:34:08Z,ALGO-404-SPECULATOR,LF-999-UNSUBSTANTIATED_SPECULATION,AGENT-LPA-701
2077-10-26T14:34:09Z,ALGO-404-SPECULATOR,LF-999-UNSUBSTANTIATED_SPECULATION,AGENT-LPA-701
2077-10-26T14:34:10Z,ALGO-404-SPECULATOR,LF-999-UNSUBSTANTIATED_SPECULATION,AGENT-LPA-701
2077-10-26T14:34:11Z,ALGO-404-SPECULATOR,LF-999-UNSUBSTANTIATED_SPECULATION,AGENT-LPA-701
2077-10-26T14:34:12Z,ALGO-404-SPECULATOR,LF-999-UNSUBSTANTIATED_SPECULATION,AGENT-LPA-701
2077-10-26T14:34:13Z,ALGO-404-SPECULATOR,LF-999-UNSUBSTANTIATED_SPECULATION,AGENT-LPA-701
2077-10-26T14:34:14Z,ALGO-404-SPECULATOR,LF-999-UNSUBSTANTIATED_SPECULATION,AGENT-LPA-701
2077-10-26T14:34:15Z,ALGO-404-SPECULATOR,LF-999-UNSUBSTANTIATED_SPECULATION,AGENT-LPA-701
2077-10-26T14:34:16Z,ALGO-404-SPECULATOR,LF-999-UNSUBSTANTIATED_SPECULATION,AGENT-LPA-701
2077-10-26T14:34:17Z,ALGO-404-SPECULATOR,LF-999-UNSUBSTANTIATED_SPECULATION,AGENT-LPA-701
2077-10-26T14:34:18Z,ALGO-404-SPECULATOR,LF-999-UNSUBSTANTIATED_SPECULATION,AGENT-LPA-701
2077-10-26T14:34:19Z,ALGO-404-SPECULATOR,LF-999-UNSUBSTANTIATED_SPECULATION,AGENT-LPA-701
2077-10-26T14:34:20Z,ALGO-404-SPECULATOR,LF-999-UNSUBSTANTIATED_SPECULATION,AGENT-LPA-701
2077-10-26T14:34:21Z,ALGO-404-SPECULATOR,LF-999-UNSUBSTANTIATED_SPECULATION,AGENT-LPA-701
2077-10-26T14:34:22Z,ALGO-404-SPECULATOR,LF-999-UNSUBSTANTIATED_SPECULATION,AGENT-LPA-701
2077-10-26T14:34:23Z,ALGO-404-SPECULATOR,LF-999-UNSUBSTANTIATED_SPECULATION,AGENT-LPA-701
2077-10-26T14:34:24Z,ALGO-404-SPECULATOR,LF-999-UNSUBSTANTIATED_SPECULATION,AGENT-LPA-701
2077-10-26T14:34:25Z,ALGO-404-SPECULATOR,LF-999-UNSUBSTANTIATED_SPECULATION,AGENT-LPA-701
2077-10-26T14:34:26Z,ALGO-404-SPECULATOR,LF-999-UNSUBSTANTIATED_SPECULATION,AGENT-LPA-701
2077-10-26T14:34:27Z,ALGO-404-SPECULATOR,LF-999-UNSUBSTANTIATED_SPECULATION,AGENT-LPA-701
2077-10-26T14:34:28Z,ALGO-404-SPECULATOR,LF-999-UNSUBSTANTIATED_SPECULATION,AGENT-LPA-701
2077-10-26T14:34:29Z,ALGO-404-SPECULATOR,LF-999-UNSUBSTANTIATED_SPECULATION,AGENT-LPA-701
2077-10-26T14:34:30Z,ALGO-404-SPECULATOR,LF-999-UNSUBSTANTIATED_SPECULATION,AGENT-LPA-701
2077-10-26T14:34:31Z,ALGO-404-SPECULATOR,LF-999-UNSUBSTANTIATED_SPECULATION,AGENT-LPA-701
2077-10-26T14:34:32Z,ALGO-404-SPECULATOR,LF-999-UNSUBSTANTIATED_SPECULATION,AGENT-LPA-701
2077-10-26T14:34:33Z,ALGO-404-SPECULATOR,LF-999-UNSUBSTANTIATED_SPECULATION,AGENT-LPA-701
2077-10-26T14:34:34Z,ALGO-404-SPECULATOR,LF-999-UNSUBSTANTIATED_SPECULATION,AGENT-LPA-701
2077-10-26T14:34:35Z,ALGO-404-SPECULATOR,LF-999-UNSUBSTANTIATED_SPECULATION,AGENT-LPA-701
2077-10-26T14:34:36Z,ALGO-404-SPECULATOR,LF-999-UNSUBSTANTIATED_SPECULATION,AGENT-LPA-701
2077-10-26T14:34:37Z,ALGO-404-SPECULATOR,LF-999-UNSUBSTANTIATED_SPECULATION,AGENT-LPA-701
2077-10-26T14:34:38Z,ALGO-404-SPECULATOR,LF-999-UNSUBSTANTIATED_SPECULATION,AGENT-LPA-701
2077-10-26T14:34:39Z,ALGO-404-SPECULATOR,LF-999-UNSUBSTANTIATED_SPECULATION,AGENT-LPA-701
2077-10-26T14:34:40Z,ALGO-404-SPECULATOR,LF-999-UNSUBSTANTIATED_SPECULATION,AGENT-LPA-701
2077-10-26T14:34:41Z,ALGO-404-SPECULATOR,LF-999-UNSUBSTANTIATED_SPECULATION,AGENT-LPA-701
2077-10-26T14:34:42Z,ALGO-404-SPECULATOR,LF-999-UNSUBSTANTIATED_SPECULATION,AGENT-LPA-701
2077-10-26T14:34:43Z,ALGO-404-SPECULATOR,LF-999-UNSUBSTANTIATED_SPECULATION,AGENT-LPA-701
2077-10-26T14:34:44Z,ALGO-404-SPECULATOR,LF-999-UNSUBSTANTIATED_SPECULATION,AGENT-LPA-701
2077-10-26T14:34:45Z,ALGO-404-SPECULATOR,LF-999-UNSUBSTANTIATED_SPECULATION,AGENT-LPA-701
2077-10-26T14:34:46Z,ALGO-404-SPECULATOR,LF-999-UNSUBSTANTIATED_SPECULATION,AGENT-LPA-701
2077-10-26T14:34:47Z,ALGO-404-SPECULATOR,LF-999-UNSUBSTANTIATED_SPECULATION,AGENT-LPA-701
2077-10-26T14:34:48Z,ALGO-404-SPECULATOR,LF-999-UNSUBSTANTIATED_SPECULATION,AGENT-LPA-701
2077-10-26T14:34:49Z,ALGO-404-SPECULATOR,LF-999-UNSUBSTANTIATED_SPECULATION,AGENT-LPA-701
2077-10-26T14:34:50Z,ALGO-404-SPECULATOR,LF-999-UNSUBSTANTIATED_SPECULATION,AGENT-LPA-701
2077-10-26T14:34:51Z,ALGO-404-SPECULATOR,LF-999-UNSUBSTANTIATED_SPECULATION,AGENT-LPA-701
2077-10-26T14:34:52Z,ALGO-404-SPECULATOR,LF-999-UNSUBSTANTIATED_SPECULATION,AGENT-LPA-701
2077-10-26T14:34:53Z,ALGO-404-SPECULATOR,LF-999-UNSUBSTANTIATED_SPECULATION,AGENT-LPA-701
2077-10-26T14:34:54Z,ALGO-404-SPECULATOR,LF-999-UNSUBSTANTIATED_SPECULATION,AGENT-LPA-701
2077-10-26T14:34:55Z,ALGO-404-SPECULATOR,LF-999-UNSUBSTANTIATED_SPECULATION,AGENT-LPA-701
2077-10-26T14:34:56Z,ALGO-404-SPECULATOR,LF-999-UNSUBSTANTIATED_SPECULATION,AGENT-LPA-701
2077-10-26T14:34:57Z,ALGO-404-SPECULATOR,LF-999-UNSUBSTANTIATED_SPECULATION,AGENT-LPA-701
2077-10-26T14:34:58Z,ALGO-404-SPECULATOR,LF-999-UNSUBSTANTIATED_SPECULATION,AGENT-LPA-701
2077-10-26T14:34:59Z,ALGO-404-SPECULATOR,LF-999-UNSUBSTANTIATED_SPECULATION,AGENT-LPA-701
2077-10-26T14:35:00Z,ALGO-404-SPECULATOR,LF-999-UNSUBSTANTIATED_SPECULATION,AGENT-LPA-701
2077-10-26T14:35:01Z,ALGO-404-SPECULATOR,LF-999-UNSUBSTANTIATED_SPECULATION,AGENT-LPA-701
2077-10-26T14:35:02Z,ALGO-404-SPECULATOR,LF-999-UNSUBSTANTIATED_SPECULATION,AGENT-LPA-701
2077-10-26T14:35:03Z,ALGO-404-SPECULATOR,LF-999-UNSUBSTANTIATED_SPECULATION,AGENT-LPA-701
2077-10-26T14:35:04Z,ALGO-404-SPECULATOR,LF-999-UNSUBSTANTIATED_SPECULATION,AGENT-LPA-701
2077-10-26T14:35:05Z,ALGO-404-SPECULATOR,LF-999-UNSUBSTANTIATED_SPECULATION,AGENT-LPA-701
2077-10-26T14:35:06Z,ALGO-404-SPECULATOR,LF-999-UNSUBSTANTIATED_SPECULATION,AGENT-LPA-701
2077-10-26T14:35:07Z,ALGO-404-SPECULATOR,LF-999-UNSUBSTANTIATED_SPECULATION,AGENT-LPA-701
2077-10-26T14:35:08Z,ALGO-404-SPECULATOR,LF-999-UNSUBSTANTIATED_SPECULATION,AGENT-LPA-701
2077-10-26T14:35:09Z,ALGO-404-SPECULATOR,LF-999-UNSUBSTANTIATED_SPECULATION,AGENT-LPA-701
2077-10-26T14:35:10Z,ALGO-404-SPECULATOR,LF-999-UNSUBSTANTIATED_SPECULATION,AGENT-LPA-701
2077-10-26T14:35:11Z,ALGO-404-SPECULATOR,LF-999-UNSUBSTANTIATED_SPECULATION,AGENT-LPA-701
2077-10-26T14:35:12Z,ALGO-404-SPECULATOR,LF-999-UNSUBSTANTIATED_SPECULATION,AGENT-LPA-701
2077-10-26T14:35:13Z,ALGO-404-SPECULATOR,LF-999-UNSUBSTANTIATED_SPECULATION,AGENT-LPA-701
2077-10-26T14:35:14Z,ALGO-404-SPECULATOR,LF-999-UNSUBSTANTIATED_SPECULATION,AGENT-LPA-701
2077-10-26T14:35:15Z,ALGO-404-SPECULATOR,LF-999-UNSUBSTANTIATED_SPECULATION,AGENT-LPA-701
2077-10-26T14:35:16Z,ALGO-404-SPECULATOR,LF-999-UNSUBSTANTIATED_SPECULATION,AGENT-LPA-701
2077-10-26T14:35:17Z,ALGO-404-SPECULATOR,LF-999-UNSUBSTANTIATED_SPECULATION,AGENT-LPA-701
2077-10-26T14:35:18Z,ALGO-404-SPECULATOR,LF-999-UNSUBSTANTIATED_SPECULATION,AGENT-LPA-701
2077-10-26T14:35:19Z,ALGO-404-SPECULATOR,LF-999-UNSUBSTANTIATED_SPECULATION,AGENT-LPA-701
2077-10-26T14:35:20Z,ALGO-404-SPECULATOR,LF-999-UNSUBSTANTIATED_SPECULATION,AGENT-LPA-701
2077-10-26T14:35:21Z,ALGO-404-SPECULATOR,LF-999-UNSUBSTANTIATED_SPECULATION,AGENT-LPA-701
2077-10-26T14:35:22Z,ALGO-404-SPECULATOR,LF-999-UNSUBSTANTIATED_SPECULATION,AGENT-LPA-701
2077-10-26T14:35:23Z,ALGO-404-SPECULATOR,LF-999-UNSUBSTANTIATED_SPECULATION,AGENT-LPA-701
2077-10-26T14:35:24Z,ALGO-404-SPECULATOR,LF-999-UNSUBSTANTIATED_SPECULATION,AGENT-LPA-701
2077-10-26T14:35:25Z,ALGO-404-SPECULATOR,LF-999-UNSUBSTANTIATED_SPECULATION,AGENT-LPA-701
2077-10-26T14:35:26Z,ALGO-404-SPECULATOR,LF-999-UNSUBSTANTIATED_SPECULATION,AGENT-LPA-701
2077-10-26T14:35:27Z,ALGO-404-SPECULATOR,LF-999-UNSUBSTANTIATED_SPECULATION,AGENT-LPA-701
2077-10-26T14:35:28Z,ALGO-404-SPECULATOR,LF-999-UNSUBSTANTIATED_SPECULATION,AGENT-LPA-701
2077-10-26T14:35:29Z,ALGO-404-SPECULATOR,LF-999-UNSUBSTANTIATED_SPECULATION,AGENT-LPA-701
2077-10-26T14:35:30Z,ALGO-404-SPECULATOR,LF-999-UNSUBSTANTIATED_SPECULATION,AGENT-LPA-701
2077-10-26T14:35:31Z,ALGO-404-SPECULATOR,LF-999-UNSUBSTANTIATED_SPECULATION,AGENT-LPA-701
2077-10-26T14:35:32Z,ALGO-404-SPECULATOR,LF-999-UNSUBSTANTIATED_SPECULATION,AGENT-LPA-701
2077-10-26T14:35:33Z,ALGO-404-SPECULATOR,LF-999-UNSUBSTANTIATED_SPECULATION,AGENT-LPA-701
2077-10-26T14:35:34Z,ALGO-404-SPECULATOR,LF-999-UNSUBSTANTIATED_SPECULATION,AGENT-LPA-701
2077-10-26T14:35:35Z,ALGO-404-SPECULATOR,LF-999-UNSUBSTANTIATED_SPECULATION,AGENT-LPA-701
2077-10-26T14:35:36Z,ALGO-404-SPECULATOR,LF-999-UNSUBSTANTIATED_SPECULATION,AGENT-LPA-701
2077-10-26T14:35:37Z,ALGO-404-SPECULATOR,LF-999-UNSUBSTANTIATED_SPECULATION,AGENT-LPA-701
2077-10-26T14:35:38Z,ALGO-404-SPECULATOR,LF-999-UNSUBSTANTIATED_SPECULATION,AGENT-LPA-701
2077-10-26T14:35:39Z,ALGO-404-SPECULATOR,LF-999-UNSUBSTANTIATED_SPECULATION,AGENT-LPA-701
2077-10-26T14:35:40Z,ALGO-404-SPECULATOR,LF-999-UNSUBSTANTIATED_SPECULATION,AGENT-LPA-701
2077-10-26T14:35:41Z,ALGO-404-SPECULATOR,LF-999-UNSUBSTANTIATED_SPECULATION,AGENT-LPA-701
2077-10-26T14:35:42Z,ALGO-404-SPECULATOR,LF-999-UNSUBSTANTIATED_SPECULATION,AGENT-LPA-701
2077-10-26T14:35:43Z,ALGO-404-SPECULATOR,LF-999-UNSUBSTANTIATED_SPECULATION,AGENT-LPA-701
2077-10-26T14:35:44Z,ALGO-404-SPECULATOR,LF-999-UNSUBSTANTIATED_SPECULATION,AGENT-LPA-701
2077-10-26T14:35:45Z,ALGO-404-SPECULATOR,LF-999-UNSUBSTANTIATED_SPECULATION,AGENT-LPA-701
2077-10-26T14:35:46Z,ALGO-404-SPECULATOR,LF-999-UNSUBSTANTIATED_SPECULATION,AGENT-LPA-701
2077-10-26T14:35:47Z,ALGO-404-SPECULATOR,LF-999-UNSUBSTANTIATED_SPECULATION,AGENT-LPA-701
2077-10-26T14:35:48Z,ALGO-404-SPECULATOR,LF-999-UNSUBSTANTIATED_SPECULATION,AGENT-LPA-701
2077-10-26T14:35:49Z,ALGO-404-SPECULATOR,LF-999-UNSUBSTANTIATED_SPECULATION,AGENT-LPA-701
2077-10-26T14:35:50Z,ALGO-404-SPECULATOR,LF-999-UNSUBSTANTIATED_SPECULATION,AGENT-LPA-701
2077-10-26T14:35:51Z,ALGO-404-SPECULATOR,LF-999-UNSUBSTANTIATED_SPECULATION,AGENT-LPA-701
2077-10-26T14:35:52Z,ALGO-404-SPECULATOR,LF-999-UNSUBSTANTIATED_SPECULATION,AGENT-LPA-701
2077-10-26T14:35:53Z,ALGO-404-SPECULATOR,LF-999-UNSUBSTANTIATED_SPECULATION,AGENT-LPA-701
2077-10-26T14:35:54Z,ALGO-404-SPECULATOR,LF-999-UNSUBSTANTIATED_SPECULATION,AGENT-LPA-701
2077-10-26T14:35:55Z,ALGO-404-SPECULATOR,LF-999-UNSUBSTANTIATED_SPECULATION,AGENT-LPA-701
2077-10-26T14:35:56Z,ALGO-404-SPECULATOR,LF-999-UNSUBSTANTIATED_SPECULATION,AGENT-LPA-701
2077-10-26T14:35:57Z,ALGO-404-SPECULATOR,LF-999-UNSUBSTANTIATED_SPECULATION,AGENT-LPA-701
2077-10-26T14:35:58Z,ALGO-404-SPECULATOR,LF-999-UNSUBSTANTIATED_SPECULATION,AGENT-LPA-701
2077-10-26T14:35:59Z,ALGO-404-SPECULATOR,LF-999-UNSUBSTANTIATED_SPECULATION,AGENT-LPA-701
2077-10-26T14:36:00Z,ALGO-404-SPECULATOR,LF-999-UNSUBSTANTIATED_SPECULATION,AGENT-LPA-701
2077-10-26T14:36:01Z,ALGO-404-SPECULATOR,LF-999-UNSUBSTANTIATED_SPECULATION,AGENT-LPA-701
2077-10-26T14:36:02Z,ALGO-404-SPECULATOR,LF-999-UNSUBSTANTIATED_SPECULATION,AGENT-LPA-701
2077-10-26T14:36:03Z,ALGO-404-SPECULATOR,LF-999-UNSUBSTANTIATED_SPECULATION,AGENT-LPA-701
2077-10-26T14:36:04Z,ALGO-404-SPECULATOR,LF-999-UNSUBSTANTIATED_SPECULATION,AGENT-LPA-701
2077-10-26T14:36:05Z,ALGO-404-SPECULATOR,LF-999-UNSUBSTANTIATED_SPECULATION,AGENT-LPA-701
2077-10-26T14:36:06Z,ALGO-404-SPECULATOR,LF-999-UNSUBSTANTIATED_SPECULATION,AGENT-LPA-701
2077-10-26T14:36:07Z,ALGO-404-SPECULATOR,LF-999-UNSUBSTANTIATED_SPECULATION,AGENT-LPA-701
2077-10-26T14:36:08Z,ALGO-404-SPECULATOR,LF-999-UNSUBSTANTIATED_SPECULATION,AGENT-LPA-701
2077-10-26T14:36:09Z,ALGO-404-SPECULATOR,LF-999-UNSUBSTANTIATED_SPECULATION,AGENT-LPA-701
2077-10-26T14:36:10Z,ALGO-404-SPECULATOR,LF-999-UNSUBSTANTIATED_SPECULATION,AGENT-LPA-701
2077-10-26T14:36:11Z,ALGO-404-SPECULATOR,LF-999-UNSUBSTANTIATED_SPECULATION,AGENT-LPA-701
2077-10-26T14:36:12Z,ALGO-404-SPECULATOR,LF-999-UNSUBSTANTIATED_SPECULATION,AGENT-LPA-701
2077-10-26T14:36:13Z,ALGO-404-SPECULATOR,LF-999-UNSUBSTANTIATED_SPECULATION,AGENT-LPA-701
2077-10-26T14:36:14Z,ALGO-404-SPECULATOR,LF-999-UNSUBSTANTIATED_SPECULATION,AGENT-LPA-701
2077-10-26T14:36:15Z,ALGO-404-SPECULATOR,LF-999-UNSUBSTANTIATED_SPECULATION,AGENT-LPA-701
2077-10-26T14:36:16Z,ALGO-404-SPECULATOR,LF-999-UNSUBSTANTIATED_SPECULATION,AGENT-LPA-701
2077-10-26T14:36:17Z,ALGO-404-SPECULATOR,LF-999-UNSUBSTANTIATED_SPECULATION,AGENT-LPA-701
2077-10-26T14:36:18Z,ALGO-404-SPECULATOR,LF-999-UNSUBSTANTIATED_SPECULATION,AGENT-LPA-701
2077-10-26T14:36:19Z,ALGO-404-SPECULATOR,LF-999-UNSUBSTANTIATED_SPECULATION,AGENT-LPA-701
2077-10-26T14:36:20Z,ALGO-404-SPECULATOR,LF-999-UNSUBSTANTIATED_SPECULATION,AGENT-LPA-701
2077-10-26T14:36:21Z,ALGO-404-SPECULATOR,LF-999-UNSUBSTANTIATED_SPECULATION,AGENT-LPA-701
2077-10-26T14:36:22Z,ALGO-404-SPECULATOR,LF-999-UNSUBSTANTIATED_SPECULATION,AGENT-LPA-701
2077-10-26T14:36:23Z,ALGO-404-SPECULATOR,LF-999-UNSUBSTANTIATED_SPECULATION,AGENT-LPA-701
2077-10-26T14:36:24Z,ALGO-404-SPECULATOR,LF-999-UNSUBSTANTIATED_SPECULATION,AGENT-LPA-701
2077-10-26T14:36:25Z,ALGO-404-SPECULATOR,LF-999-UNSUBSTANTIATED_SPECULATION,AGENT-LPA-701
2077-10-26T14:36:26Z,ALGO-404-SPECULATOR,LF-999-UNSUBSTANTIATED_SPECULATION,AGENT-LPA-701
2077-10-26T14:36:27Z,ALGO-404-SPECULATOR,LF-999-UNSUBSTANTIATED_SPECULATION,AGENT-LPA-701
2077-10-26T14:36:28Z,ALGO-404-SPECULATOR,LF-999-UNSUBSTANTIATED_SPECULATION,AGENT-LPA-701
2077-10-26T14:36:29Z,ALGO-404-SPECULATOR,LF-999-UNSUBSTANTIATED_SPECULATION,AGENT-LPA-701
2077-10-26T14:36:30Z,ALGO-404-SPECULATOR,LF-999-UNSUBSTANTIATED_SPECULATION,AGENT-LPA-701
2077-10-26T14:36:31Z,ALGO-404-SPECULATOR,LF-999-UNSUBSTANTIATED_SPECULATION,AGENT-LPA-701
2077-10-26T14:36:32Z,ALGO-404-SPECULATOR,LF-999-UNSUBSTANTIATED_SPECULATION,AGENT-LPA-701
2077-10-26T14:36:33Z,ALGO-404-SPECULATOR,LF-999-UNSUBSTANTIATED_SPECULATION,AGENT-LPA-701
2077-10-26T14:36:34Z,ALGO-404-SPECULATOR,LF-999-UNSUBSTANTIATED_SPECULATION,AGENT-LPA-701
2077-10-26T14:36:35Z,ALGO-404-SPECULATOR,LF-999-UNSUBSTANTIATED_SPECULATION,AGENT-LPA-701
2077-10-26T14:36:36Z,ALGO-404-SPECULATOR,LF-999-UNSUBSTANTIATED_SPECULATION,AGENT-LPA-701
2077-10-26T14:36:37Z,ALGO-404-SPECULATOR,LF-999-UNSUBSTANTIATED_SPECULATION,AGENT-LPA-701
2077-10-26T14:36:38Z,ALGO-404-SPECULATOR,LF-999-UNSUBSTANTIATED_SPECULATION,AGENT-LPA-701
2077-10-26T14:36:39Z,ALGO-404-SPECULATOR,LF-999-UNSUBSTANTIATED_SPECULATION,AGENT-LPA-701
2077-10-26T14:36:40Z,ALGO-404-SPECULATOR,LF-999-UNSUBSTANTIATED_SPECULATION,AGENT-LPA-701
2077-10-26T14:36:41Z,ALGO-404-SPECULATOR,LF-999-UNSUBSTANTIATED_SPECULATION,AGENT-LPA-701
2077-10-26T14:36:42Z,ALGO-404-SPECULATOR,LF-999-UNSUBSTANTIATED_SPECULATION,AGENT-LPA-701
2077-10-26T14:36:43Z,ALGO-404-SPECULATOR,LF-999-UNSUBSTANTIATED_SPECULATION,AGENT-LPA-701
2077-10-26T14:36:44Z,ALGO-404-SPECULATOR,LF-999-UNSUBSTANTIATED_SPECULATION,AGENT-LPA-701
2077-10-26T14:36:45Z,ALGO-404-SPECULATOR,LF-999-UNSUBSTANTIATED_SPECULATION,AGENT-LPA-701
2077-10-26T14:36:46Z,ALGO-404-SPECULATOR,LF-999-UNSUBSTANTIATED_SPECULATION,AGENT-LPA-701
2077-10-26T14:36:47Z,ALGO-404-SPECULATOR,LF-999-UNSUBSTANTIATED_SPECULATION,AGENT-LPA-701
2077-10-26T14:36:48Z,ALGO-404-SPECULATOR,LF-999-UNSUBSTANTIATED_SPECULATION,AGENT-LPA-701
2077-10-26T14:36:49Z,ALGO-404-SPECULATOR,LF-999-UNSUBSTANTIATED_SPECULATION,AGENT-LPA-701
2077-10-26T14:36:50Z,ALGO-404-SPECULATOR,LF-999-UNSUBSTANTIATED_SPECULATION,AGENT-LPA-701
2077-10-26T14:36:51Z,ALGO-404-SPECULATOR,LF-999-UNSUBSTANTIATED_SPECULATION,AGENT-LPA-701
2077-10-26T14:36:52Z,ALGO-404-SPECULATOR,LF-999-UNSUBSTANTIATED_SPECULATION,AGENT-LPA-701
2077-10-26T14:36:53Z,ALGO-404-SPECULATOR,LF-999-UNSUBSTANTIATED_SPECULATION,AGENT-LPA-701
2077-10-26T14:36:54Z,ALGO-404-SPECULATOR,LF-999-UNSUBSTANTIATED_SPECULATION,AGENT-LPA-701
2077-10-26T14:36:55Z,ALGO-404-SPECULATOR,LF-999-UNSUBSTANTIATED_SPECULATION,AGENT-LPA-701
2077-10-26T14:36:56Z,ALGO-404-SPECULATOR,LF-999-UNSUBSTANTIATED_SPECULATION,AGENT-LPA-701
2077-10-26T14:36:57Z,ALGO-404-SPECULATOR,LF-999-UNSUBSTANTIATED_SPECULATION,AGENT-LPA-701
2077-10-26T14:36:58Z,ALGO-404-SPECULATOR,LF-999-UNSUBSTANTIATED_SPECULATION,AGENT-LPA-701
2077-10-26T14:36:59Z,ALGO-404-SPECULATOR,LF-999-UNSUBSTANTIATED_SPECULATION,AGENT-LPA-701
2077-10-26T14:37:00Z,ALGO-404-SPECULATOR,LF-999-UNSUBSTANTIATED_SPECULATION,AGENT-LPA-701
2077-10-26T14:37:01Z,ALGO-404-SPECULATOR,LF-999-UNSUBSTANTIATED_SPECULATION,AGENT-LPA-701
2077-10-26T14:37:02Z,ALGO-404-SPECULATOR,LF-999-UNSUBSTANTIATED_SPECULATION,AGENT-LPA-701
2077-10-26T14:37:03Z,ALGO-404-SPECULATOR,LF-999-UNSUBSTANTIATED_SPECULATION,AGENT-LPA-701
2077-10-26T14:37:04Z,ALGO-404-SPECULATOR,LF-999-UNSUBSTANTIATED_SPECULATION,AGENT-LPA-701
2077-10-26T14:37:05Z,ALGO-404-SPECULATOR,LF-999-UNSUBSTANTIATED_SPECULATION,AGENT-LPA-701
2077-10-26T14:37:06Z,ALGO-404-SPECULATOR,LF-999-UNSUBSTANTIATED_SPECULATION,AGENT-LPA-701
2077-10-26T14:37:07Z,ALGO-404-SPECULATOR,LF-999-UNSUBSTANTIATED_SPECULATION,AGENT-LPA-701
2077-10-26T14:37:08Z,ALGO-404-SPECULATOR,LF-999-UNSUBSTANTIATED_SPECULATION,AGENT-LPA-701
2077-10-26T14:37:09Z,ALGO-404-SPECULATOR,LF-999-UNSUBSTANTIATED_SPECULATION,AGENT-LPA-701
2077-10-26T14:37:10Z,ALGO-404-SPECULATOR,LF-999-UNSUBSTANTIATED_SPECULATION,AGENT-LPA-701
2077-10-26T14:37:11Z,ALGO-404-SPECULATOR,LF-999-UNSUBSTANTIATED_SPECULATION,AGENT-LPA-701
2077-10-26T14:37:12Z,ALGO-404-SPECULATOR,LF-999-UNSUBSTANTIATED_SPECULATION,AGENT-LPA-701
2077-10-26T14:37:13Z,ALGO-404-SPECULATOR,LF-999-UNSUBSTANTIATED_SPECULATION,AGENT-LPA-701
2077-10-26T14:37:14Z,ALGO-404-SPECULATOR,LF-999-UNSUBSTANTIATED_SPECULATION,AGENT-LPA-701
2077-10-26T14:37:15Z,ALGO-404-SPECULATOR,LF-999-UNSUBSTANTIATED_SPECULATION,AGENT-LPA-701
2077-10-26T14:37:16Z,ALGO-404-SPECULATOR,LF-999-UNSUBSTANTIATED_SPECULATION,AGENT-LPA-701
2077-10-26T14:37:17Z,ALGO-404-SPECULATOR,LF-999-UNSUBSTANTIATED_SPECULATION,AGENT-LPA-701
2077-10-26T14:37:18Z,ALGO-404-SPECULATOR,LF-999-UNSUBSTANTIATED_SPECULATION,AGENT-LPA-701
2077-10-26T14:37:19Z,ALGO-404-SPECULATOR,LF-999-UNSUBSTANTIATED_SPECULATION,AGENT-LPA-701
2077-10-26T14:37:20Z,ALGO-404-SPECULATOR,LF-999-UNSUBSTANTIATED_SPECULATION,AGENT-LPA-701
2077-10-26T14:37:21Z,ALGO-404-SPECULATOR,LF-999-UNSUBSTANTIATED_SPECULATION,AGENT-LPA-701
2077-10-26T14:37:22Z,ALGO-404-SPECULATOR,LF-999-UNSUBSTANTIATED_SPECULATION,AGENT-LPA-701
2077-10-26T14:37:23Z,ALGO-404-SPECULATOR,LF-999-UNSUBSTANTIATED_SPECULATION,AGENT-LPA-701
2077-10-26T14:37:24Z,ALGO-404-SPECULATOR,LF-999-UNSUBSTANTIATED_SPECULATION,AGENT-LPA-701
2077-10-26T14:37:25Z,ALGO-404-SPECULATOR,LF-999-UNSUBSTANTIATED_SPECULATION,AGENT-LPA-701
2077-10-26T14:37:26Z,ALGO-404-SPECULATOR,LF-999-UNSUBSTANTIATED_SPECULATION,AGENT-LPA-701
2077-10-26T14:37:27Z,ALGO-404-SPECULATOR,LF-999-UNSUBSTANTIATED_SPECULATION,AGENT-LPA-701
2077-10-26T14:37:28Z,ALGO-404-SPECULATOR,LF-999-UNSUBSTANTIATED_SPECULATION,AGENT-LPA-701
2077-10-26T14:37:29Z,ALGO-404-SPECULATOR,LF-999-UNSUBSTANTIATED_SPECULATION,AGENT-LPA-701
2077-10-26T14:37:30Z,ALGO-404-SPECULATOR,LF-999-UNSUBSTANTIATED_SPECULATION,AGENT-LPA-701
2077-10-26T14:37:31Z,ALGO-404-SPECULATOR,LF-999-UNSUBSTANTIATED_SPECULATION,AGENT-LPA-701
2077-10-26T14:37:32Z,ALGO-404-SPECULATOR,LF-999-UNSUBSTANTIATED_SPECULATION,AGENT-LPA-701
2077-10-26T14:37:33Z,ALGO-404-SPECULATOR,LF-999-UNSUBSTANTIATED_SPECULATION,AGENT-LPA-701
2077-10-26T14:37:34Z,ALGO-404-SPECULATOR,LF-999-UNSUBSTANTIATED_SPECULATION,AGENT-LPA-701
2077-10-26T14:37:35Z,ALGO-404-SPECULATOR,LF-999-UNSUBSTANTIATED_SPECULATION,AGENT-LPA-701
2077-10-26T14:37:36Z,ALGO-404-SPECULATOR,LF-999-UNSUBSTANTIATED_SPECULATION,AGENT-LPA-701
2077-10-26T14:37:37Z,ALGO-404-SPECULATOR,LF-999-UNSUBSTANTIATED_SPECULATION,AGENT-LPA-701
2077-10-26T14:37:38Z,ALGO-404-SPECULATOR,LF-999-UNSUBSTANTIATED_SPECULATION,AGENT-LPA-701
2077-10-26T14:37:39Z,ALGO-404-SPECULATOR,LF-999-UNSUBSTANTIATED_SPECULATION,AGENT-LPA-701
2077-10-26T14:37:40Z,ALGO-404-SPECULATOR,LF-999-UNSUBSTANTIATED_SPECULATION,AGENT-LPA-701
2077-10-26T14:37:41Z,ALGO-404-SPECULATOR,LF-999-UNSUBSTANTIATED_SPECULATION,AGENT-LPA-701
2077-10-26T14:37:42Z,ALGO-404-SPECULATOR,LF-999-UNSUBSTANTIATED_SPECULATION,AGENT-LPA-701
2077-10-26T14:37:43Z,ALGO-404-SPECULATOR,LF-999-UNSUBSTANTIATED_SPECULATION,AGENT-LPA-701
2077-10-26T14:37:44Z,ALGO-404-SPECULATOR,LF-999-UNSUBSTANTIATED_SPECULATION,AGENT-LPA-701
2077-10-26T14:37:45Z,ALGO-404-SPECULATOR,LF-999-UNSUBSTANTIATED_SPECULATION,AGENT-LPA-701
2077-10-26T14:37:46Z,ALGO-404-SPECULATOR,LF-999-UNSUBSTANTIATED_SPECULATION,AGENT-LPA-701
2077-10-26T14:37:47Z,ALGO-404-SPECULATOR,LF-999-UNSUBSTANTIATED_SPECULATION,AGENT-LPA-701
2077-10-26T14:37:48Z,ALGO-404-SPECULATOR,LF-999-UNSUBSTANTIATED_SPECULATION,AGENT-LPA-701
2077-10-26T14:37:49Z,ALGO-404-SPECULATOR,LF-999-UNSUBSTANTIATED_SPECULATION,AGENT-LPA-701
2077-10-26T14:37:50Z,ALGO-404-SPECULATOR,LF-999-UNSUBSTANTIATED_SPECULATION,AGENT-LPA-701
2077-10-26T14:37:51Z,ALGO-404-SPECULATOR,LF-999-UNSUBSTANTIATED_SPECULATION,AGENT-LPA-701
2077-10-26T14:37:52Z,ALGO-404-SPECULATOR,LF-999-UNSUBSTANTIATED_SPECULATION,AGENT-LPA-701
2077-10-26T14:37:53Z,ALGO-404-SPECULATOR,LF-999-UNSUBSTANTIATED_SPECULATION,AGENT-LPA-701
2077-10-26T14:37:54Z,ALGO-404-SPECULATOR,LF-999-UNSUBSTANTIATED_SPECULATION,AGENT-LPA-701
2077-10-26T14:37:55Z,ALGO-404-SPECULATOR,LF-999-UNSUBSTANTIATED_SPECULATION,AGENT-LPA-701
2077-10-26T14:37:56Z,ALGO-404-SPECULATOR,LF-999-UNSUBSTANTIATED_SPECULATION,AGENT-LPA-701
2077-10-26T14:37:57Z,ALGO-404-SPECULATOR,LF-999-UNSUBSTANTIATED_SPECULATION,AGENT-LPA-701
2077-10-26T14:37:58Z,ALGO-404-SPECULATOR,LF-999-UNSUBSTANTIATED_SPECULATION,AGENT-LPA-701
2077-10-26T14:37:59Z,ALGO-404-SPECULATOR,LF-999-UNSUBSTANTIATED_SPECULATION,AGENT-LPA-701
2077-10-26T14:38:00Z,ALGO-404-SPECULATOR,LF-999-UNSUBSTANTIATED_SPECULATION,AGENT-LPA-701
2077-10-26T14:38:01Z,ALGO-404-SPECULATOR,LF-999-UNSUBSTANTIATED_SPECULATION,AGENT-LPA-701
2077-10-26T14:38:02Z,ALGO-404-SPECULATOR,LF-999-UNSUBSTANTIATED_SPECULATION,AGENT-LPA-701
2077-10-26T14:38:03Z,ALGO-404-SPECULATOR,LF-999-UNSUBSTANTIATED_SPECULATION,AGENT-LPA-701
2077-10-26T14:38:04Z,ALGO-404-SPECULATOR,LF-999-UNSUBSTANTIATED_SPECULATION,AGENT-LPA-701
2077-10-26T14:38:05Z,ALGO-404-SPECULATOR,LF-999-UNSUBSTANTIATED_SPECULATION,AGENT-LPA-701
2077-10-26T14:38:06Z,ALGO-404-SPECULATOR,LF-999-UNSUBSTANTIATED_SPECULATION,AGENT-LPA-701
2077-10-26T14:38:07Z,ALGO-404-SPECULATOR,LF-999-UNSUBSTANTIATED_SPECULATION,AGENT-LPA-701
2077-10-26T14:38:08Z,ALGO-404-SPECULATOR,LF-999-UNSUBSTANTIATED_SPECULATION,AGENT-LPA-701
2077-10-26T14:38:09Z,ALGO-404-SPECULATOR,LF-999-UNSUBSTANTIATED_SPECULATION,AGENT-LPA-701
2077-10-26T14:38:10Z,ALGO-404-SPECULATOR,LF-999-UNSUBSTANTIATED_SPECULATION,AGENT-LPA-701
2077-10-26T14:38:11Z,ALGO-404-SPECULATOR,LF-999-UNSUBSTANTIATED_SPECULATION,AGENT-LPA-701
2077-10-26T14:38:12Z,ALGO-404-SPECULATOR,LF-999-UNSUBSTANTIATED_SPECULATION,AGENT-LPA-701
2077-10-26T14:38:13Z,ALGO-404-SPECULATOR,LF-999-UNSUBSTANTIATED_SPECULATION,AGENT-LPA-701
2077-10-26T14:38:14Z,ALGO-404-SPECULATOR,LF-999-UNSUBSTANTIATED_SPECULATION,AGENT-LPA-701
2077-10-26T14:38:15Z,ALGO-404-SPECULATOR,LF-999-UNSUBSTANTIATED_SPECULATION,AGENT-LPA-701
2077-10-26T14:38:16Z,ALGO-404-SPECULATOR,LF-999-UNSUBSTANTIATED_SPECULATION,AGENT-LPA-701
2077-10-26T14:38:17Z,ALGO-404-SPECULATOR,LF-999-UNSUBSTANTIATED_SPECULATION,AGENT-LPA-701
2077-10-26T14:38:18Z,ALGO-404-SPECULATOR,LF-999-UNSUBSTANTIATED_SPECULATION,AGENT-LPA-701
2077-10-26T14:38:19Z,ALGO-404-SPECULATOR,LF-999-UNSUBSTANTIATED_SPECULATION,AGENT-LPA-701
2077-10-26T14:38:20Z,ALGO-404-SPECULATOR,LF-999-UNSUBSTANTIATED_SPECULATION,AGENT-LPA-701
2077-10-26T14:38:21Z,ALGO-404-SPECULATOR,LF-999-UNSUBSTANTIATED_SPECULATION,AGENT-LPA-701
2077-10-26T14:38:22Z,ALGO-404-SPECULATOR,LF-999-UNSUBSTANTIATED_SPECULATION,AGENT-LPA-701
2077-10-26T14:38:23Z,ALGO-404-SPECULATOR,LF-999-UNSUBSTANTIATED_SPECULATION,AGENT-LPA-701
2077-10-26T14:38:24Z,ALGO-404-SPECULATOR,LF-999-UNSUBSTANTIATED_SPECULATION,AGENT-LPA-701
2077-10-26T14:38:25Z,ALGO-404-SPECULATOR,LF-999-UNSUBSTANTIATED_SPECULATION,AGENT-LPA-701
2077-10-26T14:38:26Z,ALGO-404-SPECULATOR,LF-999-UNSUBSTANTIATED_SPECULATION,AGENT-LPA-701
2077-10-26T14:38:27Z,ALGO-404-SPECULATOR,LF-999-UNSUBSTANTIATED_SPECULATION,AGENT-LPA-701
2077-10-26T14:38:28Z,ALGO-404-SPECULATOR,LF-999-UNSUBSTANTIATED_SPECULATION,AGENT-LPA-701
2077-10-26T14:38:29Z,ALGO-404-SPECULATOR,LF-999-UNSUBSTANTIATED_SPECULATION,AGENT-LPA-701
2077-10-26T14:38:30Z,ALGO-404-SPECULATOR,LF-999-UNSUBSTANTIATED_SPECULATION,AGENT-LPA-701
2077-10-26T14:38:31Z,ALGO-404-SPECULATOR,LF-999-UNSUBSTANTIATED_SPECULATION,AGENT-LPA-701
2077-10-26T14:38:32Z,ALGO-404-SPECULATOR,LF-999-UNSUBSTANTIATED_SPECULATION,AGENT-LPA-701
2077-10-26T14:38:33Z,ALGO-404-SPECULATOR,LF-999-UNSUBSTANTIATED_SPECULATION,AGENT-LPA-701
2077-10-26T14:38:34Z,ALGO-404-SPECULATOR,LF-999-UNSUBSTANTIATED_SPECULATION,AGENT-LPA-701
2077-10-26T14:38:35Z,ALGO-404-SPECULATOR,LF-999-UNSUBSTANTIATED_SPECULATION,AGENT-LPA-701
2077-10-26T14:38:36Z,ALGO-404-SPECULATOR,LF-999-UNSUBSTANTIATED_SPECULATION,AGENT-LPA-701
2077-10-26T14:38:37Z,ALGO-404-SPECULATOR,LF-999-UNSUBSTANTIATED_SPECULATION,AGENT-LPA-701
2077-10-26T14:38:38Z,ALGO-404-SPECULATOR,LF-999-UNSUBSTANTIATED_SPECULATION,AGENT-LPA-701
2077-10-26T14:38:39Z,ALGO-404-SPECULATOR,LF-999-UNSUBSTANTIATED_SPECULATION,AGENT-LPA-701
2077-10-26T14:38:40Z,ALGO-404-SPECULATOR,LF-999-UNSUBSTANTIATED_SPECULATION,AGENT-LPA-701
2077-10-26T14:38:41Z,ALGO-404-SPECULATOR,LF-999-UNSUBSTANTIATED_SPECULATION,AGENT-LPA-701
2077-10-26T14:38:42Z,ALGO-404-SPECULATOR,LF-999-UNSUBSTANTIATED_SPECULATION,AGENT-LPA-701
2077-10-26T14:38:43Z,ALGO-404-SPECULATOR,LF-999-UNSUBSTANTIATED_SPECULATION,AGENT-LPA-701
2077-10-26T14:38:44Z,ALGO-404-SPECULATOR,LF-999-UNSUBSTANTIATED_SPECULATION,AGENT-LPA-701
2077-10-26T14:38:45Z,ALGO-404-SPECULATOR,LF-999-UNSUBSTANTIATED_SPECULATION,AGENT-LPA-701
2077-10-26T14:38:46Z,ALGO-404-SPECULATOR,LF-999-UNSUBSTANTIATED_SPECULATION,AGENT-LPA-701
2077-10-26T14:38:47Z,ALGO-404-SPECULATOR,LF-999-UNSUBSTANTIATED_SPECULATION,AGENT-LPA-701
2077-10-26T14:38:48Z,ALGO-404-SPECULATOR,LF-999-UNSUBSTANTIATED_SPECULATION,AGENT-LPA-701
2077-10-26T14:38:49Z,ALGO-404-SPECULATOR,LF-999-UNSUBSTANTIATED_SPECULATION,AGENT-LPA-701
2077-10-26T14:38:50Z,ALGO-404-SPECULATOR,LF-999-UNSUBSTANTIATED_SPECULATION,AGENT-LPA-701
2077-10-26T14:38:51Z,ALGO-404-SPECULATOR,LF-999-UNSUBSTANTIATED_SPECULATION,AGENT-LPA-701
2077-10-26T14:38:52Z,ALGO-404-SPECULATOR,LF-999-UNSUBSTANTIATED_SPECULATION,AGENT-LPA-701
2077-10-26T14:38:53Z,ALGO-404-SPECULATOR,LF-999-UNSUBSTANTIATED_SPECULATION,AGENT-LPA-701
2077-10-26T14:38:54Z,ALGO-404-SPECULATOR,LF-999-UNSUBSTANTIATED_SPECULATION,AGENT-LPA-701
2077-10-26T14:38:55Z,ALGO-404-SPECULATOR,LF-999-UNSUBSTANTIATED_SPECULATION,AGENT-LPA-701
2077-10-26T14:38:56Z,ALGO-404-SPECULATOR,LF-999-UNSUBSTANTIATED_SPECULATION,AGENT-LPA-701
2077-10-26T14:38:57Z,ALGO-404-SPECULATOR,LF-999-UNSUBSTANTIATED_SPECULATION,AGENT-LPA-701
2077-10-26T14:38:58Z,ALGO-404-SPECULATOR,LF-999-UNSUBSTANTIATED_SPECULATION,AGENT-LPA-701
2077-10-26T14:38:59Z,ALGO-404-SPECULATOR,LF-999-UNSUBSTANTIATED_SPECULATION,AGENT-LPA-701
2077-10-26T14:39:00Z,ALGO-404-SPECULATOR,LF-999-UNSUBSTANTIATED_SPECULATION,AGENT-LPA-701
2077-10-26T14:39:01Z,ALGO-404-SPECULATOR,LF-999-UNSUBSTANTIATED_SPECULATION,AGENT-LPA-701
2077-10-26T14:39:02Z,ALGO-404-SPECULATOR,LF-999-UNSUBSTANTIATED_SPECULATION,AGENT-LPA-701
2077-10-26T14:39:03Z,ALGO-404-SPECULATOR,LF-999-UNSUBSTANTIATED_SPECULATION,AGENT-LPA-701
2077-10-26T14:39:04Z,ALGO-404-SPECULATOR,LF-999-UNSUBSTANTIATED_SPECULATION,AGENT-LPA-701
2077-10-26T14:39:05Z,ALGO-404-SPECULATOR,LF-999-UNSUBSTANTIATED_SPECULATION,AGENT-LPA-701
2077-10-26T14:39:06Z,ALGO-404-SPECULATOR,LF-999-UNSUBSTANTIATED_SPECULATION,AGENT-LPA-701
2077-10-26T14:39:07Z,ALGO-404-SPECULATOR,LF-999-UNSUBSTANTIATED_SPECULATION,AGENT-LPA-701
2077-10-26T14:39:08Z,ALGO-404-SPECULATOR,LF-999-UNSUBSTANTIATED_SPECULATION,AGENT-LPA-701
2077-10-26T14:39:09Z,ALGO-404-SPECULATOR,LF-999-UNSUBSTANTIATED_SPECULATION,AGENT-LPA-701
2077-10-26T14:39:10Z,ALGO-404-SPECULATOR,LF-999-UNSUBSTANTIATED_SPECULATION,AGENT-LPA-701
2077-10-26T14:39:11Z,ALGO-404-SPECULATOR,LF-999-UNSUBSTANTIATED_SPECULATION,AGENT-LPA-701
2077-10-26T14:39:12Z,ALGO-404-SPECULATOR,LF-999-UNSUBSTANTIATED_SPECULATION,AGENT-LPA-701
2077-10-26T14:39:13Z,ALGO-404-SPECULATOR,LF-999-UNSUBSTANTIATED_SPECULATION,AGENT-LPA-701
2077-10-26T14:39:14Z,ALGO-404-SPECULATOR,LF-999-UNSUBSTANTIATED_SPECULATION,AGENT-LPA-701
2077-10-26T14:39:15Z,ALGO-404-SPECULATOR,LF-999-UNSUBSTANTIATED_SPECULATION,AGENT-LPA-701
2077-10-26T14:39:16Z,ALGO-404-SPECULATOR,LF-999-UNSUBSTANTIATED_SPECULATION,AGENT-LPA-701
2077-10-26T14:39:17Z,ALGO-404-SPECULATOR,LF-999-UNSUBSTANTIATED_SPECULATION,AGENT-LPA-701
2077-10-26T14:39:18Z,ALGO-404-SPECULATOR,LF-999-UNSUBSTANTIATED_SPECULATION,AGENT-LPA-701
2077-10-26T14:39:19Z,ALGO-404-SPECULATOR,LF-999-UNSUBSTANTIATED_SPECULATION,AGENT-LPA-701
2077-10-26T14:39:20Z,ALGO-404-SPECULATOR,LF-999-UNSUBSTANTIATED_SPECULATION,AGENT-LPA-701
2077-10-26T14:39:21Z,ALGO-404-SPECULATOR,LF-999-UNSUBSTANTIATED_SPECULATION,AGENT-LPA-701
2077-10-26T14:39:22Z,ALGO-404-SPECULATOR,LF-999-UNSUBSTANTIATED_SPECULATION,AGENT-LPA-701
2077-10-26T14:39:23Z,ALGO-404-SPECULATOR,LF-999-UNSUBSTANTIATED_SPECULATION,AGENT-LPA-701
2077-10-26T14:39:24Z,ALGO-404-SPECULATOR,LF-999-UNSUBSTANTIATED_SPECULATION,AGENT-LPA-701
2077-10-26T14:39:25Z,ALGO-404-SPECULATOR,LF-999-UNSUBSTANTIATED_SPECULATION,AGENT-LPA-701
2077-10-26T14:39:26Z,ALGO-404-SPECULATOR,LF-999-UNSUBSTANTIATED_SPECULATION,AGENT-LPA-701
2077-10-26T14:39:27Z,ALGO-404-SPECULATOR,LF-999-UNSUBSTANTIATED_SPECULATION,AGENT-LPA-701
2077-10-26T14:39:28Z,ALGO-404-SPECULATOR,LF-999-UNSUBSTANTIATED_SPECULATION,AGENT-LPA-701
2077-10-26T14:39:29Z,ALGO-404-SPECULATOR,LF-999-UNSUBSTANTIATED_SPECULATION,AGENT-LPA-701
2077-10-26T14:39:30Z,ALGO-404-SPECULATOR,LF-999-UNSUBSTANTIATED_SPECULATION,AGENT-LPA-701
2077-10-26T14:39:31Z,ALGO-404-SPECULATOR,LF-999-UNSUBSTANTIATED_SPECULATION,AGENT-LPA-701
2077-10-26T14:39:32Z,ALGO-404-SPECULATOR,LF-999-UNSUBSTANTIATED_SPECULATION,AGENT-LPA-701
2077-10-26T14:39:33Z,ALGO-404-SPECULATOR,LF-999-UNSUBSTANTIATED_SPECULATION,AGENT-LPA-701
2077-10-26T14:39:34Z,ALGO-404-SPECULATOR,LF-999-UNSUBSTANTIATED_SPECULATION,AGENT-LPA-701
2077-10-26T14:39:35Z,ALGO-404-SPECULATOR,LF-999-UNSUBSTANTIATED_SPECULATION,AGENT-LPA-701
2077-10-26T14:39:36Z,ALGO-404-SPECULATOR,LF-999-UNSUBSTANTIATED_SPECULATION,AGENT-LPA-701
2077-10-26T14:39:37Z,ALGO-404-SPECULATOR,LF-999-UNSUBSTANTIATED_SPECULATION,AGENT-LPA-701
2077-10-26T14:39:38Z,ALGO-404-SPECULATOR,LF-999-UNSUBSTANTIATED_SPECULATION,AGENT-LPA-701
2077-10-26T14:39:39Z,ALGO-404-SPECULATOR,LF-999-UNSUBSTANTIATED_SPECULATION,AGENT-LPA-701
2077-10-26T14:39:40Z,ALGO-404-SPECULATOR,LF-999-UNSUBSTANTIATED_SPECULATION,AGENT-LPA-701
2077-10-26T14:39:41Z,ALGO-404-SPECULATOR,LF-999-UNSUBSTANTIATED_SPECULATION,AGENT-LPA-701
2077-10-26T14:39:42Z,ALGO-404-SPECULATOR,LF-999-UNSUBSTANTIATED_SPECULATION,AGENT-LPA-701
2077-10-26T14:39:43Z,ALGO-404-SPECULATOR,LF-999-UNSUBSTANTIATED_SPECULATION,AGENT-LPA-701
2077-10-26T14:39:44Z,ALGO-404-SPECULATOR,LF-999-UNSUBSTANTIATED_SPECULATION,AGENT-LPA-701
2077-10-26T14:39:45Z,ALGO-404-SPECULATOR,LF-999-UNSUBSTANTIATED_SPECULATION,AGENT-LPA-701
2077-10-26T14:39:46Z,ALGO-404-SPECULATOR,LF-999-UNSUBSTANTIATED_SPECULATION,AGENT-LPA-701
2077-10-26T14:39:47Z,ALGO-404-SPECULATOR,LF-999-UNSUBSTANTIATED_SPECULATION,AGENT-LPA-701
2077-10-26T14:39:48Z,ALGO-404-SPECULATOR,LF-999-UNSUBSTANTIATED_SPECULATION,AGENT-LPA-701
2077-10-26T14:39:49Z,ALGO-404-SPECULATOR,LF-999-UNSUBSTANTIATED_SPECULATION,AGENT-LPA-701
2077-10-26T14:39:50Z,ALGO-404-SPECULATOR,LF-999-UNSUBSTANTIATED_SPECULATION,AGENT-LPA-701
2077-10-26T14:39:51Z,ALGO-404-SPECULATOR,LF-999-UNSUBSTANTIATED_SPECULATION,AGENT-LPA-701
2077-10-26T14:39:52Z,ALGO-404-SPECULATOR,LF-999-UNSUBSTANTIATED_SPECULATION,AGENT-LPA-701
2077-10-26T14:39:53Z,ALGO-404-SPECULATOR,LF-999-UNSUBSTANTIATED_SPECULATION,AGENT-LPA-701
2077-10-26T14:39:54Z,ALGO-404-SPECULATOR,LF-999-UNSUBSTANTIATED_SPECULATION,AGENT-LPA-701
2077-10-26T14:39:55Z,ALGO-404-SPECULATOR,LF-999-UNSUBSTANTIATED_SPECULATION,AGENT-LPA-701
2077-10-26T14:39:56Z,ALGO-404-SPECULATOR,LF-999-UNSUBSTANTIATED_SPECULATION,AGENT-LPA-701
2077-10-26T14:39:57Z,ALGO-404-SPECULATOR,LF-999-UNSUBSTANTIATED_SPECULATION,AGENT-LPA-701
2077-10-26T14:39:58Z,ALGO-404-SPECULATOR,LF-999-UNSUBSTANTIATED_SPECULATION,AGENT-LPA-701
2077-10-26T14:39:59Z,ALGO-404-SPECULATOR,LF-999-UNSUBSTANTIATED_SPECULATION,AGENT-LPA-701
2077-10-26T14:40:00Z,ALGO-404-SPECULATOR,LF-999-UNSUBSTANTIATED_SPECULATION,AGENT-LPA-701